<?xml version="1.0" encoding="UTF-8"?>
<beans xsi:schemaLocation=" http://www.springframework.org/schema/beans http://www.springframework.org/schema/beans/spring-beans-3.0.xsd http://www.springframework.org/schema/context http://www.springframework.org/schema/context/spring-context-3.0.xsd" xmlns:xsi="http://www.w3.org/2001/XMLSchema-instance" xmlns:context="http://www.springframework.org/schema/context" xmlns="http://www.springframework.org/schema/beans">
<context:component-scan base-package="com.dhaval.mvc"/>
       <bean class="org.springframework.web.servlet.view.InternalResourceViewResolver">
       <property name="prefix">
       <value>/WEB-INF/pages/</value>
       </property>
       <property name="suffix">
       <value>.jsp</value>
       </property>
       </bean>
       <bean id="Registration" name="Registration" class="com.dhaval.mvc.Registration"/>
       </beans>